{
  "name": "nwsplit58",
  "lighting": "none",
  "matrix": {
    "rows": 5,
    "cols": 13
  },
  "layouts": {
    "keymap": [
      [
        {
          "x": 3
        },
        "0,3",
        {
          "x": 8
        },
        "0,8"
      ],
      [
        {
          "y": -0.75,
          "x": 2
        },
        "0,2",
        {
          "x": 1
        },
        "0,4",
        {
          "x": 6
        },
        "0,7",
        {
          "x": 1
        },
        "0,9"
      ],
      [
        {
          "y": -0.85,
          "x": 5
        },
        "0,5",
        {
          "x": 4
        },
        "0,6"
      ],
      [
        {
          "y": -0.6499999999999999,
          "x": 1
        },
        "0,1",
        {
          "x": 12
        },
        "0,10"
      ],
      [
        {
          "y": -0.8
        },
        "0,0",
        {
          "x": 14
        },
        "0,11"
      ],
      [
        {
          "y": -0.95,
          "x": 3
        },
        "1,3",
        {
          "x": 8
        },
        "1,8"
      ],
      [
        {
          "y": -0.95,
          "x": 16
        },
        "0,12"
      ],
      [
        {
          "y": -0.7999999999999998,
          "x": 2
        },
        "1,2",
        {
          "x": 1
        },
        "1,4",
        {
          "x": 6
        },
        "1,7",
        {
          "x": 1
        },
        "1,9"
      ],
      [
        {
          "y": -0.8500000000000001,
          "x": 5
        },
        "1,5",
        {
          "x": 4
        },
        "1,6"
      ],
      [
        {
          "y": -0.6499999999999999,
          "x": 1
        },
        "1,1",
        {
          "x": 12
        },
        "1,10"
      ],
      [
        {
          "y": -0.8
        },
        "1,0",
        {
          "x": 14
        },
        "1,11"
      ],
      [
        {
          "y": -0.9500000000000002,
          "x": 3
        },
        "2,3",
        {
          "x": 8
        },
        "2,8"
      ],
      [
        {
          "y": -0.9500000000000002,
          "x": 16
        },
        "1,12"
      ],
      [
        {
          "y": -0.7999999999999998,
          "x": 2
        },
        "2,2",
        {
          "x": 1,
          "n": true
        },
        "2,4",
        {
          "x": 6,
          "n": true
        },
        "2,7",
        {
          "x": 1
        },
        "2,9"
      ],
      [
        {
          "y": -0.8500000000000001,
          "x": 5
        },
        "2,5",
        {
          "x": 4
        },
        "2,6"
      ],
      [
        {
          "y": -0.6499999999999999,
          "x": 1
        },
        "2,1",
        {
          "x": 12
        },
        "2,10"
      ],
      [
        {
          "y": -0.7999999999999998
        },
        "2,0",
        {
          "x": 14
        },
        "2,11"
      ],
      [
        {
          "y": -0.9500000000000002,
          "x": 3
        },
        "3,3",
        {
          "x": 8
        },
        "3,8"
      ],
      [
        {
          "y": -0.9500000000000002,
          "x": 16
        },
        "2,12"
      ],
      [
        {
          "y": -0.7999999999999998,
          "x": 2
        },
        "3,2",
        {
          "x": 1
        },
        "3,4",
        {
          "x": 6
        },
        "3,7",
        {
          "x": 1
        },
        "3,9"
      ],
      [
        {
          "y": -0.8500000000000001,
          "x": 5
        },
        "3,5",
        {
          "x": 4
        },
        "3,6"
      ],
      [
        {
          "y": -0.6500000000000004,
          "x": 1
        },
        "3,1",
        {
          "x": 12
        },
        "3,10"
      ],
      [
        {
          "y": -0.7999999999999998
        },
        "3,0",
        {
          "x": 14
        },
        "3,11"
      ],
      [
        {
          "y": -0.9000000000000004,
          "x": 16
        },
        "3,12"
      ],
      [
        {
          "r": 10,
          "y": -1.42,
          "x": 4.25
        },
        "4,3"
      ],
      [
        {
          "r": 15,
          "y": -1.5,
          "x": 5.7
        },
        "4,4"
      ],
      [
        {
          "r": 20,
          "y": -1.63,
          "x": 7.1
        },
        "4,5"
      ],
      [
        {
          "r": -20,
          "y": 4.48,
          "x": 6.9
        },
        "4,6"
      ],
      [
        {
          "r": -15,
          "y": -1.7300000000000004,
          "x": 8.75
        },
        "4,7"
      ],
      [
        {
          "r": -10,
          "y": -1.8499999999999996,
          "x": 10.5
        },
        "4,8"
      ]
    ]
  }
}
