{
    "name": "nwsplit58",
    "vendorId": "0x4C4B",
    "productId": "0x4643",
    "matrix": {
        "rows": 5,
        "cols": 13
    },
    "layouts": {
        "keymap":
          [
            [
              {
                "x": 3
              },
              "0,4",
              {
                "x": 8
              },
              "5,4"
            ],
            [
              {
                "y": -0.75,
                "x": 2
              },
              "0,3",
              {
                "x": 1
              },
              "0,5",
              {
                "x": 6
              },
              "5,5",
              {
                "x": 1
              },
              "5,3"
            ],
            [
              {
                "y": -0.85,
                "x": 5
              },
              "0,6",
              {
                "x": 4
              },
              "5,6"
            ],
            [
              {
                "y": -0.6499999999999999,
                "x": 1
              },
              "0,2",
              {
                "x": 12
              },
              "5,2"
            ],
            [
              {
                "y": -0.8
              },
              "0,1",
              {
                "x": 14
              },
              "5,1"
            ],
            [
              {
                "y": -0.95,
                "x": 3
              },
              "1,4",
              {
                "x": 8
              },
              "6,4"
            ],
            [
              {
                "y": -0.95,
                "x": 16
              },
              "5,0"
            ],
            [
              {
                "y": -0.7999999999999998,
                "x": 2
              },
              "1,3",
              {
                "x": 1
              },
              "1,5",
              {
                "x": 6
              },
              "6,5",
              {
                "x": 1
              },
              "6,3"
            ],
            [
              {
                "y": -0.8500000000000001,
                "x": 5
              },
              "1,6",
              {
                "x": 4
              },
              "6,6"
            ],
            [
              {
                "y": -0.6499999999999999,
                "x": 1
              },
              "1,2",
              {
                "x": 12
              },
              "6,2"
            ],
            [
              {
                "y": -0.8
              },
              "1,1",
              {
                "x": 14
              },
              "6,1"
            ],
            [
              {
                "y": -0.9500000000000002,
                "x": 3
              },
              "2,4",
              {
                "x": 8
              },
              "7,4"
            ],
            [
              {
                "y": -0.9500000000000002,
                "x": 16
              },
              "6,0"
            ],
            [
              {
                "y": -0.7999999999999998,
                "x": 2
              },
              "2,3",
              {
                "x": 1,
                "n": true
              },
              "2,5",
              {
                "x": 6,
                "n": true
              },
              "7,5",
              {
                "x": 1
              },
              "7,3"
            ],
            [
              {
                "y": -0.8500000000000001,
                "x": 5
              },
              "2,6",
              {
                "x": 4
              },
              "7,6"
            ],
            [
              {
                "y": -0.6499999999999999,
                "x": 1
              },
              "2,2",
              {
                "x": 12
              },
              "7,2"
            ],
            [
              {
                "y": -0.7999999999999998
              },
              "2,1",
              {
                "x": 14
              },
              "7,1"
            ],
            [
              {
                "y": -0.9500000000000002,
                "x": 3
              },
              "3,4",
              {
                "x": 8
              },
              "8,4"
            ],
            [
              {
                "y": -0.9500000000000002,
                "x": 16
              },
              "7,0"
            ],
            [
              {
                "y": -0.7999999999999998,
                "x": 2
              },
              "3,3",
              {
                "x": 1
              },
              "3,5",
              {
                "x": 6
              },
              "8,5",
              {
                "x": 1
              },
              "8,3"
            ],
            [
              {
                "y": -0.8500000000000001,
                "x": 5
              },
              "3,6",
              {
                "x": 4
              },
              "8,6"
            ],
            [
              {
                "y": -0.6500000000000004,
                "x": 1
              },
              "3,2",
              {
                "x": 12
              },
              "8,2"
            ],
            [
              {
                "y": -0.7999999999999998
              },
              "3,1",
              {
                "x": 14
              },
              "8,1"
            ],
            [
              {
                "y": -0.9000000000000004,
                "x": 16
              },
              "8,0"
            ],
            [
              {
                "r": 10,
                "y": -1.42,
                "x": 4.25
              },
              "4,4"
            ],
            [
              {
                "r": 15,
                "y": -1.5,
                "x": 5.7
              },
              "4,5"
            ],
            [
              {
                "r": 20,
                "y": -1.63,
                "x": 7.1
              },
              "4,6"
            ],
            [
              {
                "r": -20,
                "y": 4.48,
                "x": 6.9
              },
              "9,6"
            ],
            [
              {
                "r": -15,
                "y": -1.7300000000000004,
                "x": 8.75
              },
              "9,5"
            ],
            [
              {
                "r": -10,
                "y": -1.8499999999999996,
                "x": 10.5
              },
              "9,4"
            ]
        ]
    }
}
